{
  "attributes": {
    "forge:step_height_addition": {
      "enabled": false,
      "min": {
        "default": -512,
        "value": -512
      },
      "max": {
        "default": 512,
        "value": 512
      }
    },
    "minecraft:generic.follow_range": {
      "enabled": true,
      "min": {
        "default": 0,
        "value": 0
      },
      "max": {
        "default": 2048,
        "value": 2048
      }
    },
    "witherstormmod:evolution_speed": {
      "enabled": false,
      "min": {
        "default": 0,
        "value": 0
      },
      "max": {
        "default": 1024,
        "value": 1024
      }
    },
    "additionalentityattributes:water_visibility": {
      "enabled": false,
      "min": {
        "default": 0,
        "value": 0
      },
      "max": {
        "default": 1024,
        "value": 1024
      }
    },
    "forge:nametag_distance": {
      "enabled": false,
      "min": {
        "default": 0,
        "value": 0
      },
      "max": {
        "default": 64,
        "value": 64
      }
    },
    "forge:entity_gravity": {
      "enabled": false,
      "min": {
        "default": -8,
        "value": -8
      },
      "max": {
        "default": 8,
        "value": 8
      }
    },
    "forge:block_reach": {
      "enabled": false,
      "min": {
        "default": 0,
        "value": 0
      },
      "max": {
        "default": 1024,
        "value": 1024
      }
    },
    "witherstormmod:target_stationary_flying_speed": {
      "enabled": false,
      "min": {
        "default": 0.01,
        "value": 0.01
      },
      "max": {
        "default": 1,
        "value": 1
      }
    },
    "additionalentityattributes:water_speed": {
      "enabled": false,
      "min": {
        "default": 0,
        "value": 0
      },
      "max": {
        "default": 1,
        "value": 1
      }
    },
    "piglinproliferation:turning_speed": {
      "enabled": false,
      "min": {
        "default": 0,
        "value": 0
      },
      "max": {
        "default": 10,
        "value": 10
      }
    },
    "projectile_damage:generic": {
      "enabled": false,
      "min": {
        "default": 0,
        "value": 0
      },
      "max": {
        "default": 1024,
        "value": 1024
      }
    },
    "minecraft:generic.attack_speed": {
      "enabled": true,
      "min": {
        "default": 0,
        "value": 0
      },
      "max": {
        "default": 1024,
        "value": 1024
      }
    },
    "minecraft:generic.attack_damage": {
      "enabled": true,
      "min": {
        "default": 0,
        "value": 0
      },
      "max": {
        "default": 2048,
        "value": 1000000
      }
    },
    "lodestone:magic_proficiency": {
      "enabled": false,
      "min": {
        "default": 0,
        "value": 0
      },
      "max": {
        "default": 2048,
        "value": 2048
      }
    },
    "minecraft:generic.luck": {
      "enabled": true,
      "min": {
        "default": -1024,
        "value": -1024
      },
      "max": {
        "default": 1024,
        "value": 1024
      }
    },
    "witherstormmod:slow_flying_speed": {
      "enabled": false,
      "min": {
        "default": 0.01,
        "value": 0.01
      },
      "max": {
        "default": 1,
        "value": 1
      }
    },
    "minecraft:generic.armor": {
      "enabled": true,
      "min": {
        "default": 0,
        "value": 0
      },
      "max": {
        "default": 30,
        "value": 1000000
      }
    },
    "additionalentityattributes:critical_bonus_damage": {
      "enabled": false,
      "min": {
        "default": -1,
        "value": -1
      },
      "max": {
        "default": 1024,
        "value": 1024
      }
    },
    "witherstormmod:hunchback_follow_range": {
      "enabled": false,
      "min": {
        "default": 0,
        "value": 0
      },
      "max": {
        "default": 2048,
        "value": 2048
      }
    },
    "forge:entity_reach": {
      "enabled": false,
      "min": {
        "default": 0,
        "value": 0
      },
      "max": {
        "default": 1024,
        "value": 1024
      }
    },
    "galosphere:illager_resistance": {
      "enabled": false,
      "min": {
        "default": 0,
        "value": 0
      },
      "max": {
        "default": 10,
        "value": 10
      }
    },
    "minecraft:generic.flying_speed": {
      "enabled": true,
      "min": {
        "default": 0,
        "value": 0
      },
      "max": {
        "default": 1024,
        "value": 1024
      }
    },
    "additionalentityattributes:magic_protection": {
      "enabled": false,
      "min": {
        "default": 0,
        "value": 0
      },
      "max": {
        "default": 1024,
        "value": 1024
      }
    },
    "combatroll:distance": {
      "enabled": false,
      "min": {
        "default": 1,
        "value": 1
      },
      "max": {
        "default": 24,
        "value": 24
      }
    },
    "additionalentityattributes:lava_visibility": {
      "enabled": false,
      "min": {
        "default": 0,
        "value": 0
      },
      "max": {
        "default": 1024,
        "value": 1024
      }
    },
    "additionalentityattributes:bonus_loot_count_rolls": {
      "enabled": false,
      "min": {
        "default": 0,
        "value": 0
      },
      "max": {
        "default": 128,
        "value": 128
      }
    },
    "additionalentityattributes:lung_capacity": {
      "enabled": false,
      "min": {
        "default": -40000,
        "value": -40000
      },
      "max": {
        "default": 40000,
        "value": 40000
      }
    },
    "minecraft:generic.movement_speed": {
      "enabled": true,
      "min": {
        "default": 0,
        "value": 0
      },
      "max": {
        "default": 1024,
        "value": 1024
      }
    },
    "caelus:fall_flying": {
      "enabled": false,
      "min": {
        "default": 0,
        "value": 0
      },
      "max": {
        "default": 1,
        "value": 1
      }
    },
    "combatroll:recharge": {
      "enabled": false,
      "min": {
        "default": 0.1,
        "value": 0.1
      },
      "max": {
        "default": 200,
        "value": 200
      }
    },
    "minecraft:generic.max_health": {
      "enabled": true,
      "min": {
        "default": 1,
        "value": 1
      },
      "max": {
        "default": 1024,
        "value": 1000000
      }
    },
    "additionalentityattributes:lava_speed": {
      "enabled": false,
      "min": {
        "default": 0,
        "value": 0
      },
      "max": {
        "default": 1,
        "value": 1
      }
    },
    "combatroll:count": {
      "enabled": false,
      "min": {
        "default": 0,
        "value": 0
      },
      "max": {
        "default": 20,
        "value": 20
      }
    },
    "additionalentityattributes:bonus_rare_loot_rolls": {
      "enabled": false,
      "min": {
        "default": 0,
        "value": 0
      },
      "max": {
        "default": 128,
        "value": 128
      }
    },
    "minecraft:zombie.spawn_reinforcements": {
      "enabled": true,
      "min": {
        "default": 0,
        "value": 0
      },
      "max": {
        "default": 1,
        "value": 1
      }
    },
    "minecraft:horse.jump_strength": {
      "enabled": true,
      "min": {
        "default": 0,
        "value": 0
      },
      "max": {
        "default": 2,
        "value": 2
      }
    },
    "minecraft:generic.attack_knockback": {
      "enabled": true,
      "min": {
        "default": 0,
        "value": 0
      },
      "max": {
        "default": 5,
        "value": 1000000
      }
    },
    "lodestone:magic_resistance": {
      "enabled": false,
      "min": {
        "default": 0,
        "value": 0
      },
      "max": {
        "default": 2048,
        "value": 2048
      }
    },
    "forge:swim_speed": {
      "enabled": false,
      "min": {
        "default": 0,
        "value": 0
      },
      "max": {
        "default": 1024,
        "value": 1024
      }
    },
    "minecraft:generic.knockback_resistance": {
      "enabled": true,
      "min": {
        "default": 0,
        "value": 0
      },
      "max": {
        "default": 1,
        "value": 1
      }
    },
    "minecraft:generic.armor_toughness": {
      "enabled": true,
      "min": {
        "default": 0,
        "value": 0
      },
      "max": {
        "default": 20,
        "value": 1000000
      }
    },
    "lodestone:magic_damage": {
      "enabled": false,
      "min": {
        "default": 0,
        "value": 0
      },
      "max": {
        "default": 2048,
        "value": 2048
      }
    },
    "additionalentityattributes:dig_speed": {
      "enabled": false,
      "min": {
        "default": 0,
        "value": 0
      },
      "max": {
        "default": 2048,
        "value": 2048
      }
    },
    "additionalentityattributes:dropped_experience": {
      "enabled": false,
      "min": {
        "default": 0,
        "value": 0
      },
      "max": {
        "default": 1024,
        "value": 1024
      }
    }
  }
}