{
  "enableMod": 2,
  "secPerPrint": 0.5,
  "printLifetime": 5.0,
  "watermarkLifetime": 5.0,
  "printHeight": 0.0,
  "wetDuration": 10,
  "watermarkAlpha": 0.4,
  "footprintAlpha": 0.7,
  "footprintSize": 5,
  "canGenWhenInvisible": true,
  "applyBlocks": [
    "#minecraft:wool"
  ],
  "blockHeight": [
    "minecraft:snow,0.125",
    "minecraft:soul_sand,0.125",
    "minecraft:mud,0.125"
  ],
  "excludedBlocks": [
    "minecraft:beehive",
    "#minecraft:flower",
    "#minecraft:crop",
    "#minecraft:leaves",
    "#minecraft:sapling",
    "#minecraft:replaceable_plants"
  ],
  "excludedMobs": [
    "minecraft:parrot",
    "minecraft:bee",
    "minecraft:allay",
    "minecraft:bat",
    "minecraft:phantom",
    "minecraft:cod",
    "minecraft:salmon",
    "minecraft:tropical_fish",
    "minecraft:pufferfish",
    "minecraft:squid",
    "minecraft:glow_squid",
    "minecraft:axolotl",
    "minecraft:dolphin",
    "minecraft:silverfish",
    "minecraft:endermite",
    "minecraft:blaze",
    "minecraft:ghast",
    "minecraft:wither",
    "minecraft:ender_dragon"
  ],
  "sizePerMob": [
    "minecraft:chicken,0.6",
    "minecraft:pig,0.8",
    "minecraft:cat,0.5",
    "minecraft:ocelot,0.5",
    "minecraft:wolf,0.6",
    "minecraft:sniffer,1.5",
    "minecraft:enderman,0.6",
    "minecraft:slime,2",
    "minecraft:magma_cube,2",
    "minecraft:creeper,0.8",
    "minecraft:iron_golem,1.2",
    "minecraft:ravager,2"
  ],
  "spiderLikeMobs": [
    "minecraft:spider",
    "minecraft:cave_spider",
    "minecraft:camel,0.3",
    "minecraft:sniffer,0.3",
    "minecraft:iron_golem,0.3",
    "minecraft:ravager,0.3"
  ],
  "horseLikeMobs": [
    "minecraft:horse",
    "minecraft:donkey",
    "minecraft:mule",
    "minecraft:zombie_horse",
    "minecraft:skeleton_horse",
    "minecraft:camel",
    "minecraft:sniffer,0.8",
    "minecraft:ravager,0.5",
    "minecraft:creeper,0.3"
  ],
  "mobInterval": [
    "minecraft:spider,0.5",
    "minecraft:cave_spider,0.5",
    "minecraft:camel,2",
    "minecraft:sniffer,3",
    "minecraft:iron_golem,2",
    "minecraft:creeper,0.8"
  ],
  "railFlameRange": 0.2,
  "enableBoatTrail": true,
  "swimPopLevel": 2,
  "snowDustLevel": 2,
  "waterSplashLevel": 1,
  "customPrint": [
    "mod_id:mob_id,fileName_NoExtend"
  ]
}