{
  "__comment": [
    "Mobs will be able to equip items declared here",
    "The first number is the weight while the second number is the quality",
    "Weight is the weight of an item. Higher weight means that the item is more likely to get choosen",
    "Quality is a modifier applied to the weight. The final weight used is weight + quality * current difficulty"
  ],
  "MAINHAND": {
    "minecraft:bow": [
      1093,
      4.508568
    ],
    "minecraft:crossbow": [
      1387,
      3.826627
    ],
    "minecraft:diamond_axe": [
      856,
      5.022479
    ],
    "minecraft:diamond_sword": [
      918,
      4.889481
    ],
    "minecraft:enchanted_book": [
      2061,
      1.8573177
    ],
    "minecraft:golden_axe": [
      3517,
      0.014399999
    ],
    "minecraft:golden_sword": [
      3580,
      0.0081
    ],
    "minecraft:iron_axe": [
      3084,
      0.51635593
    ],
    "minecraft:iron_sword": [
      3171,
      0.049
    ],
    "minecraft:lingering_potion{Potion:\"minecraft:harming\"}": [
      2161,
      1.7269388
    ],
    "minecraft:netherite_axe": [
      20,
      6.778693
    ],
    "minecraft:netherite_sword": [
      90,
      6.632802
    ],
    "minecraft:snowball": [
      3111,
      0.46844563
    ],
    "minecraft:splash_potion{Potion:\"minecraft:harming\"}": [
      2161,
      1.7269388
    ],
    "minecraft:stone_axe": [
      3287,
      0.0374
    ],
    "minecraft:stone_sword": [
      3395,
      0.026599998
    ],
    "minecraft:tnt": [
      1961,
      1.9881918
    ],
    "minecraft:trident": [
      1161,
      4.357304
    ],
    "minecraft:wooden_axe": [
      3471,
      0.019
    ],
    "minecraft:wooden_sword": [
      3534,
      0.0127
    ]
  },
  "OFFHAND": {
    "minecraft:ender_pearl": [
      651,
      1.2102311
    ],
    "minecraft:flint_and_steel": [
      623,
      1.2461817
    ],
    "minecraft:lava_bucket": [
      251,
      1.7269388
    ],
    "minecraft:shield": [
      329,
      1.6255897
    ],
    "piglinproliferation:buckler": [
      745,
      1.0896697
    ]
  },
  "FEET": {
    "galosphere:sterling_boots": [
      991,
      0.6999366
    ],
    "minecraft:chainmail_boots": [
      1104,
      0.540316
    ],
    "minecraft:diamond_boots": [
      188,
      1.7373508
    ],
    "minecraft:golden_boots": [
      1170,
      0.4136078
    ],
    "minecraft:iron_boots": [
      856,
      0.8764657
    ],
    "minecraft:leather_boots": [
      1452,
      0.0244
    ],
    "minecraft:netherite_boots": [
      61,
      1.9030677
    ]
  },
  "LEGS": {
    "galosphere:sterling_leggings": [
      991,
      0.6999366
    ],
    "minecraft:chainmail_leggings": [
      1104,
      0.540316
    ],
    "minecraft:diamond_leggings": [
      188,
      1.7373508
    ],
    "minecraft:golden_leggings": [
      1170,
      0.4136078
    ],
    "minecraft:iron_leggings": [
      856,
      0.8764657
    ],
    "minecraft:leather_leggings": [
      1452,
      0.0244
    ],
    "minecraft:netherite_leggings": [
      61,
      1.9030677
    ]
  },
  "CHEST": {
    "autumnity:snail_shell_chestplate": [
      1390,
      0.030599998
    ],
    "galosphere:sterling_chestplate": [
      991,
      0.6999366
    ],
    "minecraft:chainmail_chestplate": [
      1104,
      0.540316
    ],
    "minecraft:diamond_chestplate": [
      188,
      1.7373508
    ],
    "minecraft:golden_chestplate": [
      1170,
      0.4136078
    ],
    "minecraft:iron_chestplate": [
      856,
      0.8764657
    ],
    "minecraft:leather_chestplate": [
      1452,
      0.0244
    ],
    "minecraft:netherite_chestplate": [
      61,
      1.9030677
    ],
    "quark:backpack": [
      1452,
      0.0244
    ]
  },
  "HEAD": {
    "galosphere:sterling_helmet": [
      950,
      0.6999366
    ],
    "goated:barbaric_helmet": [
      1246,
      0.040899996
    ],
    "minecraft:chainmail_helmet": [
      1063,
      0.540316
    ],
    "minecraft:diamond_helmet": [
      147,
      1.7373508
    ],
    "minecraft:golden_helmet": [
      1129,
      0.4136078
    ],
    "minecraft:iron_helmet": [
      815,
      0.8764657
    ],
    "minecraft:leather_helmet": [
      1411,
      0.0244
    ],
    "minecraft:netherite_helmet": [
      20,
      1.9030677
    ],
    "minecraft:shulker_shell": [
      1574,
      0.0081
    ],
    "minecraft:turtle_helmet": [
      759,
      0.948558
    ],
    "quark:forgotten_hat": [
      1411,
      0.0244
    ],
    "worldofwonder:dandelion_hat": [
      1437,
      0.0218
    ]
  }
}